"","Mean","MIDAS","DFM [A]","DFM [B]","singleESN [A]","singleESN [B]","multiESN [A]","multiESN [B]"
"Mean",NA,0.690503272963404,0.822358021762328,0.274555546574846,0.19499352329983,0.306263150825404,0.142097510142942,0.255685006401579
"MIDAS",0.309496727036596,NA,0.542484601202211,0.225917527818491,0.0771532336655827,0.11030620870213,0.0714950834653272,0.177767007494909
"DFM [A]",0.177641978237672,0.457515398797789,NA,0.11648026380223,0.0180278169202186,0.0896158177961874,0.0329450751470311,0.00597372347024217
"DFM [B]",0.725444453425154,0.774082472181509,0.88351973619777,NA,0.376803946613609,0.484770150268008,0.314990232857999,0.468178011945141
"singleESN [A]",0.80500647670017,0.922846766334417,0.981972183079781,0.623196053386391,NA,0.789164408382678,0.38029616163954,0.710417958529046
"singleESN [B]",0.693736849174596,0.88969379129787,0.910384182203813,0.515229849731992,0.210835591617322,NA,0.179854719356178,0.480047272171664
"multiESN [A]",0.857902489857058,0.928504916534673,0.967054924852969,0.685009767142001,0.61970383836046,0.820145280643822,NA,0.706804616957595
"multiESN [B]",0.744314993598421,0.822232992505091,0.994026276529758,0.531821988054859,0.289582041470954,0.519952727828336,0.293195383042405,NA
