"","Mean","MIDAS","DFM [A]","DFM [B]","singleESN [A]","singleESN [B]","multiESN [A]","multiESN [B]"
"Mean",NA,0.766271395645653,0.920977723476689,0.835508008380157,0.397246043070123,0.211527248034429,0.717968883047154,0.416361231789361
"MIDAS",0.233728604354347,NA,0.626162513982214,0.424014600599831,0.00483072795502392,0.0105496096438684,0.323591083344503,0.0576174050305918
"DFM [A]",0.079022276523311,0.373837486017786,NA,0.265249447680858,0.0238029007947038,0.00303817336254355,0.252775186446197,0.00262692176632829
"DFM [B]",0.164491991619843,0.575985399400169,0.734750552319142,NA,0.220584060945919,0.0906365726314138,0.50275095844505,0.222734460811913
"singleESN [A]",0.602753956929877,0.995169272044976,0.976197099205296,0.779415939054081,NA,0.121271322937721,0.971508051973682,0.584183990276554
"singleESN [B]",0.788472751965571,0.989450390356132,0.996961826637456,0.909363427368586,0.878728677062279,NA,0.990617123671345,0.88259603572459
"multiESN [A]",0.282031116952846,0.676408916655497,0.747224813553803,0.49724904155495,0.0284919480263182,0.00938287632865462,NA,0.0826268160376047
"multiESN [B]",0.583638768210639,0.942382594969408,0.997373078233672,0.777265539188087,0.415816009723446,0.11740396427541,0.917373183962395,NA
