"","Mean","MIDAS","DFM [A]","DFM [B]","singleESN [A]","singleESN [B]","multiESN [A]","multiESN [B]"
"Mean",NA,0.217983632310084,0.447303503706018,0.459664710137558,0.0830104239733165,0.0840096999195653,0.0940261562728304,0.110929797946275
"MIDAS",0.782016367689916,NA,0.814420897282872,0.793382901141809,0.409446619874054,0.414144267769991,0.457534181096665,0.289148752648721
"DFM [A]",0.552696496293982,0.185579102717128,NA,0.541786198853566,0.00776017894165602,0.00880255219683499,0.011844022389947,0.0331682403560366
"DFM [B]",0.540335289862443,0.206617098858191,0.458213801146434,NA,0.0105106917660696,0.010527434057871,0.0118021265632197,0.0449446438445036
"singleESN [A]",0.916989576026684,0.590553380125946,0.992239821058344,0.98948930823393,NA,0.570781732625601,0.826118770280307,0.353254436242433
"singleESN [B]",0.915990300080435,0.585855732230009,0.991197447803165,0.989472565942129,0.429218267374399,NA,0.884679796692694,0.339028045272222
"multiESN [A]",0.90597384372717,0.542465818903335,0.988155977610053,0.98819787343678,0.173881229719693,0.115320203307306,NA,0.260659479729936
"multiESN [B]",0.889070202053725,0.710851247351279,0.966831759643963,0.955055356155496,0.646745563757567,0.660971954727778,0.739340520270064,NA
