"","Mean","MIDAS","DFM [A]","DFM [B]","singleESN [A]","singleESN [B]","multiESN [A]","multiESN [B]"
"Mean",NA,0.205411575501404,0.0281685413437727,0.0657372259727989,0.0130312834663958,0.01318606316357,0.0111999608058599,0.029521415005222
"MIDAS",0.794588424498596,NA,0.638841646880519,0.727939099332512,0.563858234929002,0.603681819905513,0.653013125096085,0.357037126541314
"DFM [A]",0.971831458656227,0.361158353119481,NA,0.972544350847316,0.0338755491884007,0.152816809794071,0.633337576187722,0.0478705657089436
"DFM [B]",0.934262774027201,0.272060900667488,0.0274556491526838,NA,0.00429220277639594,0.00726235211949362,0.013948546693799,0.025256565374911
"singleESN [A]",0.986968716533604,0.436141765070998,0.966124450811599,0.995707797223604,NA,0.980841762750164,0.979568134216524,0.0781989087388154
"singleESN [B]",0.98681393683643,0.396318180094487,0.847183190205929,0.992737647880506,0.0191582372498358,NA,0.96832831389586,0.0618759971192346
"multiESN [A]",0.98880003919414,0.346986874903915,0.366662423812278,0.986051453306201,0.0204318657834762,0.0316716861041404,NA,0.0531629174480743
"multiESN [B]",0.970478584994778,0.642962873458686,0.952129434291056,0.974743434625089,0.921801091261185,0.938124002880765,0.946837082551926,NA
