"","Mean","MIDAS","DFM [A]","DFM [B]","singleESN [A]","singleESN [B]","multiESN [A]","multiESN [B]"
"Mean",NA,0.49555030830705,0.907863828914458,0.414953660629726,0.241302603335935,0.177134927100097,0.216412992173861,0.253624022068012
"MIDAS",0.50444969169295,NA,0.94594339826048,0.457741316144287,0.0773914364371969,0.0777373877467635,0.140020894479456,0.185202867021266
"DFM [A]",0.092136171085542,0.05405660173952,NA,0.0852422763559438,0.00401353011366715,0.00468181795073593,0.00639907593635623,0.00097681859756607
"DFM [B]",0.585046339370274,0.542258683855713,0.914757723644056,NA,0.281320860003658,0.202309174300291,0.258696920067767,0.317758895191716
"singleESN [A]",0.758697396664065,0.922608563562803,0.995986469886333,0.718679139996342,NA,0.201899560619346,0.415188928787903,0.657918095218118
"singleESN [B]",0.822865072899903,0.922262612253236,0.995318182049264,0.797690825699709,0.798100439380654,NA,0.676728387365882,0.785093724514085
"multiESN [A]",0.783587007826139,0.859979105520544,0.993600924063644,0.741303079932233,0.584811071212097,0.323271612634118,NA,0.684969438295051
"multiESN [B]",0.746375977931988,0.814797132978734,0.999023181402434,0.682241104808284,0.342081904781882,0.214906275485915,0.315030561704949,NA
