"","Mean","MIDAS","DFM [A]","DFM [B]","singleESN [A]","singleESN [B]","multiESN [A]","multiESN [B]"
"Mean",NA,0.393880387314986,0.286277442233659,0.313168019840709,0.053638468622291,0.0643142094975704,0.0782692135505168,0.0980058563082889
"MIDAS",0.606119612685014,NA,0.498047501717472,0.516630173103715,0.194081094374676,0.2054007689795,0.24672953108828,0.136522123799826
"DFM [A]",0.713722557766341,0.501952498282528,NA,0.649399477053475,0.00971365328486235,0.016067860326976,0.0289018279942026,0.058412943787519
"DFM [B]",0.686831980159291,0.483369826896285,0.350600522946525,NA,0.00481961635164322,0.00972075093418483,0.0204299837066738,0.0554979292725548
"singleESN [A]",0.946361531377709,0.805918905625324,0.990286346715138,0.995180383648357,NA,0.887887089715569,0.978360530197363,0.508915505978624
"singleESN [B]",0.93568579050243,0.7945992310205,0.983932139673024,0.990279249065815,0.112112910284431,NA,0.932714719748697,0.390199262720841
"multiESN [A]",0.921730786449483,0.75327046891172,0.971098172005797,0.979570016293326,0.0216394698026367,0.0672852802513029,NA,0.251342157822666
"multiESN [B]",0.901994143691711,0.863477876200174,0.941587056212481,0.944502070727445,0.491084494021376,0.609800737279159,0.748657842177334,NA
