"","Mean","MIDAS","DFM [A]","DFM [B]","singleESN [A]","singleESN [B]","multiESN [A]","multiESN [B]"
"Mean",NA,0.83241046255195,0.768059787469663,0.682285350978187,0.951264781693292,0.572361554603759,0.254963737045108,0.221057624588199
"MIDAS",0.16758953744805,NA,0.162402902528942,0.0888027812456433,0.451965431447109,0.116441219535828,0.0610547169053975,0.0356848652220287
"DFM [A]",0.231940212530337,0.837597097471058,NA,0.245655010991706,0.918277378242836,0.228717823735651,0.0601050267789719,0.0552886953425095
"DFM [B]",0.317714649021813,0.911197218754357,0.754344989008294,NA,0.971798765223836,0.274800951102351,0.0662075636001699,0.0454860281559285
"singleESN [A]",0.0487352183067085,0.548034568552891,0.0817226217571645,0.0282012347761641,NA,2.61036336970221e-05,2.48074501345695e-05,7.72675764304915e-05
"singleESN [B]",0.427638445396241,0.883558780464172,0.771282176264349,0.725199048897649,0.999973896366303,NA,0.0438832912750926,0.0347985507361779
"multiESN [A]",0.745036262954891,0.938945283094603,0.939894973221028,0.93379243639983,0.999975192549865,0.956116708724907,NA,0.233298859642167
"multiESN [B]",0.778942375411801,0.964315134777971,0.94471130465749,0.954513971844071,0.99992273242357,0.965201449263822,0.766701140357833,NA
