"","Mean","MIDAS","DFM [A]","DFM [B]","singleESN [A]","singleESN [B]","multiESN [A]","multiESN [B]"
"Mean",NA,0.99489615118679,0.75178904261549,0.0475474661006747,0.993527936351215,0.853382571274752,0.883030769945109,0.573454385338273
"MIDAS",0.00510384881321014,NA,0.0117968679630243,0.00422915664906835,0.97854511217275,0.081578303593545,0.00460831933353216,0.0052182383390003
"DFM [A]",0.24821095738451,0.988203132036976,NA,0.0667546223815243,0.993724149376848,0.769976531120806,0.583231667577678,0.279797065437643
"DFM [B]",0.952452533899325,0.995770843350932,0.933245377618476,NA,0.996988276870194,0.970804000838268,0.973226931099639,0.916335300288013
"singleESN [A]",0.00647206364878514,0.0214548878272504,0.00627585062315191,0.00301172312980587,NA,0.00310389050729129,0.00471202210547178,0.00411046385277668
"singleESN [B]",0.146617428725248,0.918421696406455,0.230023468879194,0.0291959991617321,0.996896109492709,NA,0.234285141076325,0.0757173890370602
"multiESN [A]",0.116969230054891,0.995391680666468,0.416768332422322,0.0267730689003611,0.995287977894528,0.765714858923675,NA,0.235735980188681
"multiESN [B]",0.426545614661727,0.994781761661,0.720202934562357,0.0836646997119866,0.995889536147223,0.92428261096294,0.764264019811319,NA
