"","Mean","MIDAS","DFM [A]","DFM [B]","singleESN [A]","singleESN [B]","multiESN [A]","multiESN [B]"
"Mean",NA,0.994395976496886,0.901862057571482,0.149741080056989,0.998440703138586,0.742380590214401,0.903982170602657,0.565732063398976
"MIDAS",0.00560402350311421,NA,0.0051565637113358,0.00433707968313708,0.476495514929169,0.0131174625544608,0.0159865989267429,0.00544111373998395
"DFM [A]",0.0981379424285179,0.994843436288664,NA,0.0600024889763085,0.99865848254145,0.92030709451859,0.749321868886465,0.110220917874259
"DFM [B]",0.850258919943011,0.995662920316863,0.939997511023691,NA,0.999141269674421,0.894353793603081,0.942747191383015,0.795644062946003
"singleESN [A]",0.00155929686141407,0.523504485070831,0.00134151745855029,0.000858730325578667,NA,0.00152586825462733,0.00634501561851958,0.000844860191894921
"singleESN [B]",0.257619409785599,0.986882537445539,0.07969290548141,0.105646206396919,0.998474131745373,NA,0.580060508232222,0.313762418030669
"multiESN [A]",0.0960178293973435,0.984013401073257,0.250678131113535,0.057252808616985,0.99365498438148,0.419939491767778,NA,0.0929129523192641
"multiESN [B]",0.434267936601024,0.994558886260016,0.889779082125741,0.204355937053997,0.999155139808105,0.686237581969331,0.907087047680736,NA
