"","Mean","MIDAS","DFM [A]","DFM [B]","singleESN [A]","singleESN [B]","multiESN [A]","multiESN [B]"
"Mean",NA,0.994953062139333,0.960688176568187,0.0750643923184484,0.986609498368567,0.824956554046453,0.294615277846838,0.440526885054816
"MIDAS",0.00504693786066733,NA,0.0344597984492715,0.00554612763807181,0.924106938327432,0.00895191213386611,0.0053949029045208,0.00415947422729233
"DFM [A]",0.039311823431813,0.965540201550729,NA,0.00886692184175288,0.971413807480398,0.268987838743049,0.0163879166150586,0.00321014487206225
"DFM [B]",0.924935607681552,0.994453872361928,0.991133078158247,NA,0.990716465617091,0.94415089870025,0.630359195618822,0.841381755436981
"singleESN [A]",0.0133905016314329,0.075893061672568,0.0285861925196025,0.00928353438290862,NA,0.00937847533064966,0.00894404094974261,0.00997917045174278
"singleESN [B]",0.175043445953547,0.991048087866134,0.731012161256951,0.0558491012997495,0.99062152466935,NA,0.154480369443817,0.104734292223518
"multiESN [A]",0.705384722153162,0.994605097095479,0.983612083384941,0.369640804381178,0.991055959050257,0.845519630556183,NA,0.719464762917401
"multiESN [B]",0.559473114945184,0.995840525772708,0.996789855127938,0.158618244563019,0.990020829548257,0.895265707776482,0.280535237082599,NA
