"","Mean","MIDAS","DFM [A]","DFM [B]","singleESN [A]","singleESN [B]","multiESN [A]","multiESN [B]"
"Mean",NA,0.886559812270851,0.187011242694989,0.978821234136772,0.00798492105334847,0.0183914348652561,0.0266869048259472,0.0517491287006146
"MIDAS",0.113440187729149,NA,0.103820019082634,0.132977899079441,0.111674533426028,0.109562910796017,0.108105189982047,0.101383124004197
"DFM [A]",0.812988757305011,0.896179980917366,NA,0.99889966232805,0.775874891943236,0.724544663487131,0.671376532056764,0.232322695272915
"DFM [B]",0.0211787658632282,0.867022100920559,0.00110033767195014,NA,0.0116527730745047,0.00419381845097995,0.00157366749036067,0.000178168700603747
"singleESN [A]",0.992015078946652,0.888325466573972,0.224125108056764,0.988347226925495,NA,0.0311715086240661,0.040431383478263,0.0620659473299509
"singleESN [B]",0.981608565134744,0.890437089203983,0.275455336512869,0.99580618154902,0.968828491375934,NA,0.0584111401433899,0.0719272530363804
"multiESN [A]",0.973313095174053,0.891894810017953,0.328623467943236,0.998426332509639,0.959568616521737,0.94158885985661,NA,0.076528377526225
"multiESN [B]",0.948250871299385,0.898616875995803,0.767677304727085,0.999821831299396,0.937934052670049,0.92807274696362,0.923471622473775,NA
