"","Mean","MIDAS","DFM [A]","DFM [B]","singleESN [A]","singleESN [B]","multiESN [A]","multiESN [B]"
"Mean",NA,0.825837705520387,0.546122942900659,0.416996925881803,0.958890428639935,0.749723614476223,0.424570081165836,0.268327916172518
"MIDAS",0.174162294479613,NA,0.121216795071497,0.122251973890446,0.356611112418683,0.175357043674629,0.128458528187032,0.0982505575581736
"DFM [A]",0.453877057099341,0.878783204928503,NA,0.154226094907508,0.998623449704318,0.975049301332713,0.327653462122237,0.159559653000633
"DFM [B]",0.583003074118197,0.877748026109554,0.845773905092492,NA,0.999406016807854,0.997174180563406,0.485251631774959,0.222339066166786
"singleESN [A]",0.0411095713600649,0.643388887581317,0.00137655029568229,0.000593983192146233,NA,0.00390182126034693,0.000311724576470897,0.000151236174649099
"singleESN [B]",0.250276385523777,0.824642956325371,0.0249506986672867,0.0028258194365935,0.996098178739653,NA,0.0721989171902613,0.0246455366760505
"multiESN [A]",0.575429918834164,0.871541471812968,0.672346537877763,0.514748368225041,0.999688275423529,0.927801082809739,NA,0.0416963433947597
"multiESN [B]",0.731672083827482,0.901749442441826,0.840440346999367,0.777660933833214,0.999848763825351,0.975354463323949,0.95830365660524,NA
