"","Mean","MIDAS","DFM [A]","DFM [B]","singleESN [A]","singleESN [B]","multiESN [A]","multiESN [B]"
"Mean",NA,0.895784551410862,0.604583293093529,0.997619959898213,0.0261851767722724,0.029606714827175,0.0332172289791269,0.0600566341607034
"MIDAS",0.104215448589138,NA,0.104742043243946,0.122016458828641,0.103832012440951,0.103402761242544,0.103479687822604,0.102952277952229
"DFM [A]",0.395416706906471,0.895257956756054,NA,0.998226068822827,0.356291685911943,0.310987156959277,0.318257428386226,0.260934727209521
"DFM [B]",0.0023800401017867,0.877983541171359,0.00177393117717326,NA,0.00196912914126055,0.00160104210393753,0.00164200180253108,0.00135572971614613
"singleESN [A]",0.973814823227728,0.896167987559049,0.643708314088057,0.998030870858739,NA,0.0328273663273061,0.041488366932695,0.077177879304497
"singleESN [B]",0.970393285172825,0.896597238757456,0.689012843040723,0.998398957896062,0.967172633672694,NA,0.993997062504798,0.125246955575689
"multiESN [A]",0.966782771020873,0.896520312177396,0.681742571613774,0.998357998197469,0.958511633067305,0.00600293749520189,NA,0.104152678458661
"multiESN [B]",0.939943365839297,0.897047722047771,0.739065272790479,0.998644270283854,0.922822120695503,0.874753044424311,0.895847321541339,NA
