"","Mean","MIDAS","DFM [A]","DFM [B]","singleESN [A]","singleESN [B]","multiESN [A]","multiESN [B]"
"Mean",NA,0.993008857758058,0.497422230969141,0.0464288030874854,0.956892595952423,0.800720734996517,0.77889439424624,0.188789236171507
"MIDAS",0.0069911422419422,NA,9.84470271097303e-05,0.00588141815502444,0.932669404191114,0.344693487598873,0.379733737940994,0.000743690148817899
"DFM [A]",0.502577769030859,0.99990155297289,NA,0.22769819108623,0.962732507533824,0.824409438755609,0.746499240128918,0.302131177796787
"DFM [B]",0.953571196912515,0.994118581844976,0.77230180891377,NA,0.959665380820489,0.849496806034786,0.872454773906358,0.984010698731808
"singleESN [A]",0.0431074040475772,0.0673305958088863,0.037267492466176,0.0403346191795109,NA,0.0376500398604782,0.072736640515857,0.0402841768197477
"singleESN [B]",0.199279265003483,0.655306512401127,0.175590561244391,0.150503193965214,0.962349960139522,NA,0.504194194507458,0.176891312287774
"multiESN [A]",0.22110560575376,0.620266262059006,0.253500759871082,0.127545226093642,0.927263359484143,0.495805805492542,NA,0.199871871236229
"multiESN [B]",0.811210763828494,0.999256309851182,0.697868822203213,0.0159893012681917,0.959715823180252,0.823108687712226,0.800128128763771,NA
