"","Mean","MIDAS","DFM [A]","DFM [B]","singleESN [A]","singleESN [B]","multiESN [A]","multiESN [B]"
"Mean",NA,0.973828244440401,0.414923002378445,0.16320276146657,0.999999224711491,0.998462094658468,0.933184682352032,0.235483376975351
"MIDAS",0.0261717555595995,NA,0.0184937129704865,0.0216562416564813,0.982166228907922,0.605107543815613,0.111222627971861,0.0251123928145198
"DFM [A]",0.585076997621555,0.981506287029513,NA,0.208026534178709,0.999999902694698,0.999999999999988,0.904722354139863,0.499511808967098
"DFM [B]",0.83679723853343,0.978343758343519,0.791973465821291,NA,0.999999681069692,0.999871956455199,0.983864896853858,0.770854609087754
"singleESN [A]",7.75288508553608e-07,0.0178337710920781,9.73053017616209e-08,3.18930308128101e-07,NA,0.000105080560886508,5.60870928342974e-05,6.76327188251425e-07
"singleESN [B]",0.00153790534153219,0.394892456184387,1.24984086572882e-14,0.000128043544801513,0.999894919439114,NA,0.0172486326760229,0.00170912120172261
"multiESN [A]",0.0668153176479676,0.888777372028139,0.0952776458601368,0.0161351031461419,0.999943912907166,0.982751367323977,NA,0.064731956810217
"multiESN [B]",0.764516623024649,0.97488760718548,0.500488191032902,0.229145390912246,0.999999323672812,0.998290878798277,0.935268043189783,NA
