"","Mean","MIDAS","DFM [A]","DFM [B]","singleESN [A]","singleESN [B]","multiESN [A]","multiESN [B]"
"Mean",NA,0.91995599502684,0.591480959791437,0.40808071714569,0.991602837710987,0.844119701416369,0.631556249183358,0.280772191485036
"MIDAS",0.0800440049731599,NA,0.0746468345874191,0.0677467026947605,0.548738171615314,0.17303638716698,0.101965467482896,0.0726818117335071
"DFM [A]",0.408519040208563,0.925353165412581,NA,0.0799233692622666,0.998023812745705,0.966137685321244,0.57177463733517,0.089934364148146
"DFM [B]",0.59191928285431,0.93225329730524,0.920076630737733,NA,0.9987003075144,0.968150256963596,0.797742404635235,0.219702743471907
"singleESN [A]",0.00839716228901268,0.451261828384686,0.00197618725429507,0.00129969248560005,NA,0.00250939381965307,0.0023514481839304,0.000687591707708782
"singleESN [B]",0.155880298583631,0.82696361283302,0.0338623146787561,0.0318497430364044,0.997490606180347,NA,0.143999574834281,0.0292686384673817
"multiESN [A]",0.368443750816642,0.898034532517104,0.42822536266483,0.202257595364765,0.99764855181607,0.856000425165719,NA,0.0222004028009463
"multiESN [B]",0.719227808514964,0.927318188266493,0.910065635851854,0.780297256528093,0.999312408292291,0.970731361532618,0.977799597199054,NA
