"","Mean","MIDAS","DFM [A]","DFM [B]","singleESN [A]","singleESN [B]","multiESN [A]","multiESN [B]"
"Mean",NA,0.872183743294412,0.789075144553317,0.74703237121705,0.977436828304075,0.725611206201972,0.341859661022887,0.244754052994319
"MIDAS",0.127816256705588,NA,0.124185945440676,0.130802119055393,0.465244722329192,0.170921129816044,0.106033350589652,0.0962089659731274
"DFM [A]",0.210924855446683,0.875814054559324,NA,0.631247507000319,0.984923225261651,0.552835503656602,0.0684577401158075,0.0457677343225701
"DFM [B]",0.25296762878295,0.869197880944607,0.368752492999681,NA,0.993553945599683,0.298090538496813,0.0795073927929397,0.0510973850892654
"singleESN [A]",0.0225631716959246,0.534755277670808,0.0150767747383494,0.00644605440031736,NA,0.00123527471543128,0.002505395970769,0.00133993836926858
"singleESN [B]",0.274388793798028,0.829078870183956,0.447164496343398,0.701909461503187,0.998764725284569,NA,0.0883127837639392,0.0534724226704233
"multiESN [A]",0.658140338977113,0.893966649410348,0.931542259884192,0.92049260720706,0.997494604029231,0.911687216236061,NA,0.0211856817873926
"multiESN [B]",0.755245947005681,0.903791034026873,0.95423226567743,0.948902614910735,0.998660061630731,0.946527577329577,0.978814318212607,NA
