"","Mean","MIDAS","DFM [A]","DFM [B]","singleESN [A]","singleESN [B]","multiESN [A]","multiESN [B]"
"Mean",NA,0.989670806198491,0.859835196276333,0.0408463030035739,0.945795766185347,0.664107885953823,0.853163268705479,0.196607561255931
"MIDAS",0.010329193801509,NA,0.0130231353962697,0.0119666330066007,0.912129667870957,0.142944871824011,0.0666140700737983,0.0093396230553991
"DFM [A]",0.140164803723667,0.98697686460373,NA,0.0140018947858924,0.940449091511329,0.58940987352502,0.584516981719861,0.084314787669645
"DFM [B]",0.959153696996426,0.988033366993399,0.985998105214108,NA,0.948888623541815,0.740972054983787,0.989752738513851,0.957320919680504
"singleESN [A]",0.0542042338146531,0.0878703321290431,0.059550908488671,0.0511113764581845,NA,0.0399316062969941,0.0653958537938092,0.0524425829719937
"singleESN [B]",0.335892114046177,0.857055128175989,0.41059012647498,0.259027945016213,0.960068393703006,NA,0.481867551339018,0.294384508282031
"multiESN [A]",0.146836731294521,0.933385929926202,0.415483018280139,0.0102472614861493,0.934604146206191,0.518132448660982,NA,0.164563040569177
"multiESN [B]",0.803392438744069,0.990660376944601,0.915685212330355,0.0426790803194959,0.947557417028006,0.705615491717969,0.835436959430823,NA
