"","Mean","MIDAS","DFM [A]","DFM [B]","singleESN [A]","singleESN [B]","multiESN [A]","multiESN [B]"
"Mean",NA,0.994464513859517,0.71954422429031,0.468725611814028,0.927078044028506,0.914293414026796,0.781178291646025,0.346686529266495
"MIDAS",0.00553548614048349,NA,0.00106115027029463,0.00980204265093634,0.826764786169995,0.572215278948858,0.0107828967044455,0.00166364003388425
"DFM [A]",0.28045577570969,0.998938849729705,NA,0.299579740640737,0.92814010630073,0.909141147236966,0.621562701824718,0.067537157915847
"DFM [B]",0.531274388185972,0.990197957349064,0.700420259359263,NA,0.93028051241031,0.921533358272094,0.741915945865202,0.426399286895227
"singleESN [A]",0.0729219559714938,0.173235213830005,0.0718598936992703,0.0697194875896903,NA,0.0783307257554357,0.0914732405160553,0.0690949151573543
"singleESN [B]",0.0857065859732041,0.427784721051142,0.0908588527630342,0.0784666417279058,0.921669274244564,NA,0.124286984919881,0.0777986680752113
"multiESN [A]",0.218821708353975,0.989217103295555,0.378437298175282,0.258084054134798,0.908526759483945,0.875713015080119,NA,0.197024899774385
"multiESN [B]",0.653313470733505,0.998336359966116,0.932462842084153,0.573600713104773,0.930905084842646,0.922201331924789,0.802975100225615,NA
