"","Mean","MIDAS","DFM [A]","DFM [B]","singleESN [A]","singleESN [B]","multiESN [A]","multiESN [B]"
"Mean",NA,0.899612087811542,0.577436531322046,0.653861903457749,0.994206436194894,0.998236011956904,0.878390266538717,0.300423311799482
"MIDAS",0.100387912188458,NA,0.0960613912810605,0.0919432700639797,0.486718298742725,0.296170573281833,0.119999473930802,0.0991251092614401
"DFM [A]",0.422563468677954,0.903938608718939,NA,0.601594595645696,0.997563607563931,0.999972428795035,0.908172025388786,9.46241886766212e-05
"DFM [B]",0.346138096542251,0.90805672993602,0.398405404354304,NA,0.996150976866053,0.999911373842691,0.751469882359303,0.185169262441755
"singleESN [A]",0.00579356380510571,0.513281701257275,0.0024363924360692,0.0038490231339471,NA,0.0583390765609018,0.00736667403273976,0.00146857834899192
"singleESN [B]",0.00176398804309606,0.703829426718168,2.75712049653063e-05,8.86261573092133e-05,0.941660923439098,NA,0.000538870244665968,2.63684031578586e-06
"multiESN [A]",0.121609733461283,0.880000526069198,0.0918279746112142,0.248530117640697,0.99263332596726,0.999461129755334,NA,0.0299349102237739
"multiESN [B]",0.699576688200518,0.90087489073856,0.999905375811323,0.814830737558245,0.998531421651008,0.999997363159684,0.970065089776226,NA
