"","Mean","MIDAS","DFM [A]","DFM [B]","singleESN [A]","singleESN [B]","multiESN [A]","multiESN [B]"
"Mean",NA,0.905526879957787,0.823941747868125,0.834801704034132,0.974388296807168,0.910673521332158,0.415767235158711,0.246503203670848
"MIDAS",0.0944731200422134,NA,0.0792249620980439,0.115938472082281,0.465346413655045,0.241440304892523,0.0934756388011808,0.0915350997992746
"DFM [A]",0.176058252131875,0.920775037901956,NA,0.858506566188717,0.993848715583887,0.918725880082909,0.00690312541829744,0.0109266421222223
"DFM [B]",0.165198295965868,0.884061527917719,0.141493433811283,NA,0.99582748959567,0.952595556829437,0.0408019676633628,0.0298664753754411
"singleESN [A]",0.0256117031928324,0.534653586344955,0.00615128441611308,0.00417251040432987,NA,3.83579896984072e-11,0.00833348763097672,0.00656120396630392
"singleESN [B]",0.0893264786678421,0.758559695107477,0.0812741199170909,0.0474044431705635,0.999999999961642,NA,0.0144336962297896,0.0120762719943192
"multiESN [A]",0.584232764841289,0.906524361198819,0.993096874581703,0.959198032336637,0.991666512369023,0.98556630377021,NA,0.0928654953163484
"multiESN [B]",0.753496796329152,0.908464900200725,0.989073357877778,0.970133524624559,0.993438796033696,0.987923728005681,0.907134504683652,NA
