"","Mean","MIDAS","DFM [A]","DFM [B]","singleESN [A]","singleESN [B]","multiESN [A]","multiESN [B]"
"Mean",NA,0.989672184505968,0.808931051986078,0.508155676096793,0.999871331894799,0.999981453888556,0.862881144868713,0.15891778619416
"MIDAS",0.0103278154940324,NA,0.00930529661164297,0.0129179350914127,0.91221197399364,0.619608380079147,0.0649127951771406,0.00988778507508095
"DFM [A]",0.191068948013922,0.990694703388357,NA,0.238629658298603,0.99982999062059,0.999969204836018,0.788466000532821,0.155976177056862
"DFM [B]",0.491844323903207,0.987082064908587,0.761370341701397,NA,0.999784103802067,0.999998172156545,0.833727506484627,0.461121609302953
"singleESN [A]",0.000128668105200913,0.0877880260063599,0.000170009379410463,0.000215896197933576,NA,0.19579659668206,7.51685388851953e-05,0.000114710428580662
"singleESN [B]",1.85461114443198e-05,0.380391619920853,3.07951639817911e-05,1.82784345472172e-06,0.80420340331794,NA,0.00134354359415383,1.76967525847046e-05
"multiESN [A]",0.137118855131287,0.935087204822859,0.211533999467179,0.166272493515373,0.999924831461115,0.998656456405846,NA,0.133453461743467
"multiESN [B]",0.84108221380584,0.990112214924919,0.844023822943138,0.538878390697047,0.999885289571419,0.999982303247415,0.866546538256533,NA
