"","Mean","MIDAS","DFM [A]","DFM [B]","singleESN [A]","singleESN [B]","multiESN [A]","multiESN [B]"
"Mean",NA,0.969278413346746,0.870092564443007,0.489401857430484,0.930772526275529,0.938436327015274,0.43366158189913,0.0294663932781493
"MIDAS",0.0307215866532536,NA,0.0333915912368392,0.0587566600687623,0.848007688886604,0.693620574381339,0.00878318100361268,0.024608962623254
"DFM [A]",0.129907435556993,0.966608408763161,NA,0.210901741984332,0.914193106307105,0.884196972635109,0.254119188907052,0.0874726045815037
"DFM [B]",0.510598142569516,0.941243339931238,0.789098258015668,NA,0.934182977312137,0.943147706459733,0.451229427197911,0.353538456224856
"singleESN [A]",0.0692274737244707,0.151992311113396,0.0858068936928948,0.0658170226878627,NA,0.0790524396562086,0.0836009100292266,0.0683544922556185
"singleESN [B]",0.0615636729847256,0.306379425618661,0.115803027364891,0.0568522935402674,0.920947560343791,NA,0.0407578186177108,0.0578449930156308
"multiESN [A]",0.56633841810087,0.991216818996387,0.745880811092948,0.548770572802089,0.916399089970773,0.959242181382289,NA,0.490423068205783
"multiESN [B]",0.970533606721851,0.975391037376746,0.912527395418496,0.646461543775144,0.931645507744381,0.942155006984369,0.509576931794217,NA
