"","Mean","MIDAS","DFM [A]","DFM [B]","singleESN [A]","singleESN [B]","multiESN [A]","multiESN [B]"
"Mean",NA,0.893467904975481,0.88250468684239,0.998130108800122,0.0236964182397,0.0252847802747657,0.0255308730064967,0.0231781696216903
"MIDAS",0.106532095024519,NA,0.124585465436308,0.213037134415994,0.105593604598909,0.104591967874126,0.104963101704942,0.105058132049281
"DFM [A]",0.11749531315761,0.875414534563692,NA,0.997372743649911,0.0981413030499004,0.0791133153144293,0.0857648423865324,0.0863872677384201
"DFM [B]",0.00186989119987807,0.786962865584006,0.0026272563500886,NA,0.00168502372802136,0.00151018895869418,0.00157023327055446,0.00160280161000298
"singleESN [A]",0.9763035817603,0.894406395401091,0.9018586969501,0.998314976271979,NA,0.0267957815940038,0.0283335514278431,0.0210916090480288
"singleESN [B]",0.974715219725234,0.895408032125874,0.920886684685571,0.998489811041306,0.973204218405996,NA,0.975717346794164,0.972093022955024
"multiESN [A]",0.974469126993503,0.895036898295058,0.914235157613468,0.998429766729446,0.971666448572157,0.0242826532058364,NA,0.559075523059734
"multiESN [B]",0.97682183037831,0.894941867950719,0.91361273226158,0.998397198389997,0.978908390951971,0.0279069770449762,0.440924476940266,NA
