"","Mean","MIDAS","DFM [A]","DFM [B]","singleESN [A]","singleESN [B]","multiESN [A]","multiESN [B]"
"Mean",NA,0.977436399632978,0.802686051401995,0.98032535556809,0.910774664114272,0.94415406137607,0.71713167865649,0.328913911546949
"MIDAS",0.0225636003670218,NA,0.0125722364126422,0.023174017706097,0.847301799457748,0.832406293266033,0.10375867446261,0.0127636615465792
"DFM [A]",0.197313948598005,0.987427763587358,NA,0.412177775387926,0.911977400452584,0.943935931418755,0.567977455642537,0.0337504256714393
"DFM [B]",0.0196746444319105,0.976825982293903,0.587822224612074,NA,0.913079148473901,0.947230066641899,0.621748757044335,0.289942360171896
"singleESN [A]",0.0892253358857276,0.152698200542252,0.088022599547416,0.086920851526099,NA,0.205222452622634,0.111645723459741,0.0859490446462053
"singleESN [B]",0.0558459386239297,0.167593706733967,0.0560640685812451,0.0527699333581011,0.794777547377366,NA,0.0813375753815172,0.053022920601862
"multiESN [A]",0.28286832134351,0.89624132553739,0.432022544357463,0.378251242955665,0.888354276540259,0.918662424618483,NA,0.287471719440869
"multiESN [B]",0.671086088453051,0.987236338453421,0.966249574328561,0.710057639828104,0.914050955353795,0.946977079398138,0.712528280559131,NA
