"","Mean","MIDAS","DFM [A]","DFM [B]","singleESN [A]","singleESN [B]","multiESN [A]","multiESN [B]"
"Mean",NA,0.998176371530848,0.99250722166264,0.996034951001083,0.000132553628176758,0.00016624332204676,0.000154832591460554,4.51024621245509e-05
"MIDAS",0.00182362846915231,NA,0.0069521219063493,0.102565231760311,0.0017984021025427,0.00177319165722541,0.00178292441228843,0.00180216565308095
"DFM [A]",0.00749277833736016,0.993047878093651,NA,0.994789532121971,0.00667749130741542,0.00590496611176453,0.00619706763454746,0.00660778034509878
"DFM [B]",0.00396504899891744,0.897434768239689,0.00521046787802899,NA,0.00380003739155338,0.0036335678518691,0.00369801342735795,0.00378379707801864
"singleESN [A]",0.999867446371823,0.998201597897457,0.993322508692585,0.996199962608447,NA,0.00020368969579003,0.000195004000843126,0.0464907753036513
"singleESN [B]",0.999833756677953,0.998226808342775,0.994095033888236,0.996366432148131,0.99979631030421,NA,0.999782186973303,0.999449346346985
"multiESN [A]",0.999845167408539,0.998217075587712,0.993802932365452,0.996301986572642,0.999804995999157,0.0002178130266972,NA,0.999015583657116
"multiESN [B]",0.999954897537875,0.998197834346919,0.993392219654901,0.996216202921981,0.953509224696349,0.000550653653014809,0.000984416342883801,NA
