"","Mean","MIDAS","DFM [A]","DFM [B]","singleESN [A]","singleESN [B]","multiESN [A]","multiESN [B]"
"Mean",NA,0.895123574300498,0.610216993994198,0.744277143678872,0.995146220643668,0.999976438341581,0.99048829666463,0.293111841348345
"MIDAS",0.104876425699502,NA,0.0838147364095236,0.0877424521451851,0.943218071914095,0.933775831495869,0.149408899527924,0.107370024156539
"DFM [A]",0.389783006005802,0.916185263590476,NA,0.703850231426751,0.99644873925743,0.999991508442502,0.99944437880131,0.0104746123435578
"DFM [B]",0.255722856321128,0.912257547854815,0.296149768573249,NA,0.99577181462487,0.999990397222458,0.831424240323226,0.218410418600952
"singleESN [A]",0.00485377935633164,0.0567819280859045,0.00355126074257015,0.00422818537513011,NA,0.0773152081525329,0.00842720386607409,0.00234365829870775
"singleESN [B]",2.3561658419243e-05,0.0662241685041307,8.49155749834919e-06,9.60277754157081e-06,0.922684791847467,NA,0.000123614752865268,1.56634438862722e-06
"multiESN [A]",0.00951170333536949,0.850591100472076,0.000555621198689682,0.168575759676774,0.991572796133926,0.999876385247135,NA,0.0715256211170757
"multiESN [B]",0.706888158651655,0.892629975843461,0.989525387656442,0.781589581399048,0.997656341701292,0.999998433655611,0.928474378882924,NA
