"","Mean","MIDAS","DFM [A]","DFM [B]","singleESN [A]","singleESN [B]","multiESN [A]","multiESN [B]"
"Mean",NA,0.956155300193185,0.872206121220841,0.85887942858119,0.978505862194881,0.989139235683803,0.559922806170313,0.222400205978219
"MIDAS",0.043844699806815,NA,0.0900129850310297,0.149830293499513,0.829227741478461,0.691574736424151,0.0362022969843637,0.045198557730493
"DFM [A]",0.127793878779159,0.90998701496897,NA,0.838141082059254,0.967564778823828,0.981966964575271,0.115993608011109,0.0426367924203505
"DFM [B]",0.14112057141881,0.850169706500487,0.161858917940746,NA,0.974733459559997,0.990869903239313,0.0161076858014331,0.04031818946189
"singleESN [A]",0.021494137805119,0.170772258521539,0.0324352211761722,0.0252665404400027,NA,0.0992359015764299,0.01669737509342,0.0126734605509929
"singleESN [B]",0.0108607643161965,0.308425263575849,0.0180330354247293,0.00913009676068704,0.90076409842357,NA,0.00549398931673364,0.00322607340143559
"multiESN [A]",0.440077193829687,0.963797703015636,0.884006391988891,0.983892314198567,0.98330262490658,0.994506010683266,NA,0.112910506713616
"multiESN [B]",0.777599794021781,0.954801442269507,0.95736320757965,0.95968181053811,0.987326539449007,0.996773926598564,0.887089493286384,NA
