"","Mean","MIDAS","DFM [A]","DFM [B]","singleESN [A]","singleESN [B]","multiESN [A]","multiESN [B]"
"Mean",NA,0.968641545250467,0.886331994665432,0.558979561921913,0.865139822543932,0.908584742405634,0.319228475186791,0.193091654101512
"MIDAS",0.0313584547495331,NA,0.0343236025478217,0.03479340931758,0.796498548790779,0.809805504472851,0.042319072655771,0.031691241358488
"DFM [A]",0.113668005334568,0.965676397452178,NA,0.167398319381566,0.855799484900304,0.896156538684672,0.0963598463255171,0.110257426667338
"DFM [B]",0.441020438078087,0.96520659068242,0.832601680618434,NA,0.866536223283223,0.91022551537671,0.339845679139159,0.389223569355684
"singleESN [A]",0.134860177456068,0.203501451209221,0.144200515099696,0.133463776716777,NA,0.277927299927443,0.138940183850999,0.133952445047746
"singleESN [B]",0.091415257594366,0.190194495527149,0.103843461315328,0.0897744846232899,0.722072700072557,NA,0.0977689012752495,0.0904034688914132
"multiESN [A]",0.680771524813209,0.957680927344229,0.903640153674483,0.660154320860841,0.861059816149001,0.902231098724751,NA,0.63056228134427
"multiESN [B]",0.806908345898488,0.968308758641512,0.889742573332662,0.610776430644316,0.866047554952254,0.909596531108587,0.36943771865573,NA
