"","Mean","MIDAS","DFM [A]","DFM [B]","singleESN [A]","singleESN [B]","multiESN [A]","multiESN [B]"
"Mean",NA,0.965922260978409,0.985328599785627,0.603002469714494,0.999999940251021,0.999999998666901,0.765937707211196,0.804759529331778
"MIDAS",0.0340777390215913,NA,0.0364252834094203,0.0378673095043064,0.952336802662239,0.658743538024835,0.104041419498843,0.0353784970122402
"DFM [A]",0.0146714002143732,0.96357471659058,NA,0.00348565608341277,0.999999937271471,0.999999996194579,0.68976430488071,0.0123854755528907
"DFM [B]",0.396997530285506,0.962132690495694,0.996514343916587,NA,0.999999960766582,0.99999999950687,0.74989420917035,0.4596682697457
"singleESN [A]",5.97489788515568e-08,0.0476631973377605,6.27285292363787e-08,3.92334183795058e-08,NA,0.00992734676370196,6.01115643805517e-07,6.06311583955937e-08
"singleESN [B]",1.33309864943505e-09,0.341256461975165,3.80542137735522e-09,4.93130049414745e-10,0.990072653236298,NA,3.79158880095767e-06,8.18297726749568e-10
"multiESN [A]",0.234062292788804,0.895958580501157,0.31023569511929,0.25010579082965,0.999999398884356,0.999996208411199,NA,0.241206248039716
"multiESN [B]",0.195240470668222,0.96462150298776,0.987614524447109,0.5403317302543,0.999999939368842,0.999999999181702,0.758793751960284,NA
