"","Mean","MIDAS","DFM [A]","DFM [B]","singleESN [A]","singleESN [B]","multiESN [A]","multiESN [B]"
"Mean",NA,0.999449194039967,0.93327179388137,0.92557059237974,0.969835172659862,0.989892337680726,0.952656301267705,0.429951274590097
"MIDAS",0.000550805960033042,NA,0.19603661709778,0.611223043576407,0.95255608276167,0.981208864243181,0.0215916125954214,4.67897679968896e-05
"DFM [A]",0.0667282061186297,0.80396338290222,NA,0.869522877676413,0.963325866424267,0.990947567831929,0.525938336416918,0.0430194098435274
"DFM [B]",0.0744294076202595,0.388776956423593,0.130477122323587,NA,0.970044487657553,0.998327749670537,0.00912976762003348,0.065580565037954
"singleESN [A]",0.0301648273401379,0.0474439172383303,0.0366741335757334,0.029955512342447,NA,0.10343381419667,0.0341386696415277,0.0290468556603659
"singleESN [B]",0.0101076623192744,0.0187911357568191,0.00905243216807087,0.00167225032946341,0.896566185803329,NA,0.00968313708005682,0.00988890996298421
"multiESN [A]",0.0473436987322951,0.978408387404579,0.474061663583082,0.990870232379967,0.965861330358472,0.990316862919943,NA,0.0662393643216724
"multiESN [B]",0.570048725409903,0.999953210232003,0.956980590156473,0.934419434962046,0.970953144339634,0.990111090037016,0.933760635678328,NA
