"","Mean","MIDAS","DFM [A]","DFM [B]","singleESN [A]","singleESN [B]","multiESN [A]","multiESN [B]"
"Mean",NA,0.991993211464237,0.511734219939908,0.792421829157761,0.984552630775723,0.998875559807149,0.999319933642417,0.595632435759021
"MIDAS",0.00800678853576313,NA,0.00353944730813129,8.74885589237011e-08,0.979099380638425,0.998321586194601,0.0741557873196394,2.66295598951326e-05
"DFM [A]",0.488265780060092,0.996460552691869,NA,0.758570674828009,0.986068708127929,0.999146199776612,0.976946997978174,0.632129051960767
"DFM [B]",0.207578170842239,0.999999912511441,0.241429325171991,NA,0.984794913829701,0.999148057972139,0.63066697477794,0.240664333690275
"singleESN [A]",0.0154473692242772,0.0209006193615746,0.0139312918720707,0.0152050861702985,NA,0.0513422688444901,0.0195142986097814,0.0133138999838946
"singleESN [B]",0.00112444019285141,0.00167841380539895,0.000853800223387917,0.000851942027861438,0.94865773115551,NA,0.00280696998156216,0.000490362242835552
"multiESN [A]",0.00068006635758343,0.925844212680361,0.0230530020218264,0.36933302522206,0.980485701390219,0.997193030018438,NA,0.0708992038463291
"multiESN [B]",0.404367564240979,0.999973370440105,0.367870948039233,0.759335666309725,0.986686100016105,0.999509637757164,0.929100796153671,NA
