"","Mean","MIDAS","DFM [A]","DFM [B]","singleESN [A]","singleESN [B]","multiESN [A]","multiESN [B]"
"Mean",NA,0.959961592710819,0.713476764607065,0.407490882187115,0.879217396596522,0.950332284520734,0.999640108593725,0.241651951492832
"MIDAS",0.0400384072891806,NA,0.0107335752994652,0.0295736369260776,0.819595716200416,0.893208341637709,0.476075554001633,0.0176332221383993
"DFM [A]",0.286523235392935,0.989266424700535,NA,0.357736074113529,0.87572404994044,0.946889243990744,0.995937400865009,0.108681709499492
"DFM [B]",0.592509117812885,0.970426363073922,0.642263925886471,NA,0.883948838086998,0.953343435070223,0.999999993096461,0.509494608471156
"singleESN [A]",0.120782603403478,0.180404283799584,0.12427595005956,0.116051161913002,NA,0.653262312524333,0.166466261864993,0.116039326960052
"singleESN [B]",0.049667715479266,0.106791658362291,0.0531107560092563,0.0466565649297773,0.346737687475667,NA,0.0704320687069961,0.046832954448612
"multiESN [A]",0.000359891406274546,0.523924445998367,0.00406259913499053,6.90353885653141e-09,0.833533738135007,0.929567931293004,NA,0.000124800997312707
"multiESN [B]",0.758348048507168,0.982366777861601,0.891318290500508,0.490505391528844,0.883960673039948,0.953167045551388,0.999875199002687,NA
