"","Mean","MIDAS","DFM [A]","DFM [B]","singleESN [A]","singleESN [B]","multiESN [A]","multiESN [B]"
"Mean",NA,0.984986213485951,0.993862907988546,0.992049519177578,0.000991755067524009,0.00132184938143291,0.0012094314365478,0.0011151486295339
"MIDAS",0.0150137865140487,NA,0.0197545517065842,0.0972580123777531,0.014880744746292,0.0147474668817343,0.0148003534742115,0.0148923709363787
"DFM [A]",0.00613709201145384,0.980245448293416,NA,0.985342559054742,0.00583840763429569,0.00554344581046929,0.00565943861182183,0.00585148839334577
"DFM [B]",0.00795048082242156,0.902741987622247,0.0146574409452581,NA,0.00779268914328257,0.00763096473866131,0.00769473645961117,0.00779378866066627
"singleESN [A]",0.999008244932476,0.985119255253708,0.994161592365704,0.992207310856717,NA,0.00170672910893896,0.00162593012606936,0.035513582325664
"singleESN [B]",0.998678150618567,0.985252533118266,0.994456554189531,0.992369035261339,0.998293270891061,NA,0.998159589341997,0.998248087337779
"multiESN [A]",0.998790568563452,0.985199646525788,0.994340561388178,0.992305263540389,0.998374069873931,0.00184041065800263,NA,0.998197069839292
"multiESN [B]",0.998884851370466,0.985107629063621,0.994148511606654,0.992206211339334,0.964486417674336,0.00175191266222054,0.00180293016070838,NA
