"","Mean","MIDAS","DFM [A]","DFM [B]","singleESN [A]","singleESN [B]","multiESN [A]","multiESN [B]"
"Mean",NA,0.998240857505538,0.974735033923909,0.360264969472396,0.836030664002507,0.899653854098869,0.658318922696602,0.146076828947732
"MIDAS",0.00175914249446227,NA,0.00217425741198612,0.00281083840129492,0.752338850073614,0.793685644368085,0.0175599994032884,0.00227408703558436
"DFM [A]",0.025264966076091,0.997825742588014,NA,0.228110457021145,0.82133920135224,0.884873182668678,0.436586571975064,0.020970149256486
"DFM [B]",0.639735030527604,0.997189161598705,0.771889542978855,NA,0.839916535218199,0.901388247911543,0.90386315604731,0.55050483477001
"singleESN [A]",0.163969335997493,0.247661149926386,0.17866079864776,0.160083464781801,NA,0.336549804848487,0.173237519094195,0.163563934511306
"singleESN [B]",0.100346145901131,0.206314355631915,0.115126817331322,0.0986117520884574,0.663450195151513,NA,0.112091902010555,0.0999736608165374
"multiESN [A]",0.341681077303398,0.982440000596712,0.563413428024936,0.0961368439526904,0.826762480905805,0.887908097989445,NA,0.279172450557433
"multiESN [B]",0.853923171052268,0.997725912964416,0.979029850743514,0.44949516522999,0.836436065488694,0.900026339183463,0.720827549442567,NA
