"","Mean","MIDAS","DFM [A]","DFM [B]","singleESN [A]","singleESN [B]","multiESN [A]","multiESN [B]"
"Mean",NA,0.981105033136013,0.762248075753388,0.349169740722949,0.999999998628145,0.999993735506137,0.837933784922536,0.440525684396573
"MIDAS",0.0188949668639866,NA,0.0192604482720137,0.01997369461381,0.991313258114947,0.948190404728542,0.13651621652502,0.0192941999112125
"DFM [A]",0.237751924246612,0.980739551727986,NA,0.281495228590576,0.999999999034947,0.999985407136818,0.824644670827392,0.162173020090746
"DFM [B]",0.650830259277051,0.98002630538619,0.718504771409423,NA,0.99999999995783,0.999999153461384,0.874458731270968,0.657116152353545
"singleESN [A]",1.3718551613179e-09,0.00868674188505276,9.65053402306803e-10,4.21702462997461e-11,NA,0.107255878914054,8.96868585084687e-07,8.97692783028818e-10
"singleESN [B]",6.26449386288082e-06,0.0518095952714583,1.45928631816448e-05,8.46538616177811e-07,0.892744121085946,NA,6.09199141668089e-32,5.38265316666544e-06
"multiESN [A]",0.162066215077464,0.86348378347498,0.175355329172608,0.125541268729032,0.999999103131415,1,NA,0.157174719868045
"multiESN [B]",0.559474315603427,0.980705800088787,0.837826979909254,0.342883847646455,0.999999999102307,0.999994617346833,0.842825280131955,NA
