"","Mean","MIDAS","DFM [A]","DFM [B]","singleESN [A]","singleESN [B]","multiESN [A]","multiESN [B]"
"Mean",NA,0.992049591593573,0.998360237519404,0.926408003421704,0.968652023280162,0.974172224402944,0.973904916255251,0.690259533265116
"MIDAS",0.00795040840642729,NA,0.0156342277806059,0.00831496580534474,0.938867901440831,0.938649511926421,0.00310863329995,0.00723760696724567
"DFM [A]",0.0016397624805964,0.984365772219394,NA,0.808058393392655,0.962040176077751,0.969390192642053,0.983875102199477,7.90830328276966e-08
"DFM [B]",0.0735919965782955,0.991685034194655,0.191941606607345,NA,0.975911388354848,0.985601322612221,0.507010583410301,0.0548929730684947
"singleESN [A]",0.0313479767198384,0.0611320985591689,0.0379598239222492,0.0240886116451524,NA,0.0289668783198113,0.0332525163134904,0.0305627892025221
"singleESN [B]",0.0258277755970559,0.0613504880735786,0.0306098073579473,0.0143986773877795,0.971033121680189,NA,0.0299966712416618,0.0243722828150946
"multiESN [A]",0.0260950837447493,0.99689136670005,0.0161248978005231,0.492989416589699,0.96674748368651,0.970003328758338,NA,0.013461560857942
"multiESN [B]",0.309740466734884,0.992762393032754,0.999999920916967,0.945107026931505,0.969437210797478,0.975627717184905,0.986538439142058,NA
