"","Mean","MIDAS","DFM [A]","DFM [B]","singleESN [A]","singleESN [B]","multiESN [A]","multiESN [B]"
"Mean",NA,0.978694952287738,0.672866264220741,0.93029473981788,0.999856271073024,0.99999999999944,0.887773181999392,0.463211898127138
"MIDAS",0.021305047712262,NA,0.0235307407386677,0.021520087288302,0.536250153054628,0.484176909425871,0.055755288099412,0.0217950239752163
"DFM [A]",0.327133735779259,0.976469259261332,NA,0.593314730176017,0.999912680809167,0.999999999986059,0.86758441486933,0.29404979116798
"DFM [B]",0.0697052601821195,0.978479912711698,0.406685269823983,NA,0.999757008302079,0.999999999999913,0.88479386835101,0.0820176491050744
"singleESN [A]",0.00014372892697611,0.463749846945372,8.73191908325741e-05,0.000242991697920773,NA,0.400274862416853,0.00117543712149809,0.000133533619089465
"singleESN [B]",5.60116392512647e-13,0.515823090574129,1.39405031067812e-11,8.68751727398161e-14,0.599725137583147,NA,1.10737299637805e-06,5.86635272485843e-13
"multiESN [A]",0.112226818000608,0.944244711900588,0.13241558513067,0.11520613164899,0.998824562878502,0.999998892627004,NA,0.108285255064998
"multiESN [B]",0.536788101872862,0.978204976024784,0.70595020883202,0.917982350894926,0.99986646638091,0.999999999999413,0.891714744935002,NA
