"","Mean","MIDAS","DFM [A]","DFM [B]","singleESN [A]","singleESN [B]","multiESN [A]","multiESN [B]"
"Mean",NA,0.999680095323941,0.989162223155817,0.987221904172412,7.6733049354396e-06,1.21623100104659e-05,1.02653894294879e-05,2.50504814659719e-05
"MIDAS",0.000319904676058891,NA,0.620541671183252,0.899220059684531,0.000304371441344197,0.000289135578518578,0.000294925551975965,0.000303789330541073
"DFM [A]",0.0108377768441833,0.379458328816748,NA,0.973043036309933,0.0105788079545956,0.010319846065129,0.0104204816944823,0.0105991090613729
"DFM [B]",0.0127780958275883,0.100779940315469,0.026956963690067,NA,0.012642197832085,0.0125057119544793,0.0125589614814061,0.0126518255143168
"singleESN [A]",0.999992326695065,0.999695628558656,0.989421192045404,0.987357802167915,NA,1.83012149765033e-05,1.58156450969689e-05,0.183793061350411
"singleESN [B]",0.99998783768999,0.999710864421481,0.989680153934871,0.987494288045521,0.999981698785024,NA,0.99997716419712,0.999992741154588
"multiESN [A]",0.999989734610571,0.999705074448024,0.989579518305518,0.987441038518594,0.999984184354903,2.28358028800065e-05,NA,0.999996339447563
"multiESN [B]",0.999974949518534,0.999696210669459,0.989400890938627,0.987348174485683,0.816206938649589,7.25884541227916e-06,3.66055243712758e-06,NA
