"","Mean","MIDAS","DFM [A]","DFM [B]","singleESN [A]","singleESN [B]","multiESN [A]","multiESN [B]"
"Mean",NA,0.937191102152928,0.80554461225161,0.76020105529788,0.828369104422876,0.894011273919853,0.878552888874805,0.19782863505274
"MIDAS",0.0628088978470716,NA,0.0768725312262943,0.0508754858055427,0.538764248184448,0.787423122915407,0.0464277384725441,0.0641503914023767
"DFM [A]",0.19445538774839,0.923127468773706,NA,0.552084614465866,0.815925516671976,0.88127674235902,0.818764069245827,0.148097983561121
"DFM [B]",0.23979894470212,0.949124514194457,0.447915385534134,NA,0.830976207239761,0.900810042629374,0.91892181145933,0.226882205223539
"singleESN [A]",0.171630895577124,0.461235751815552,0.184074483328024,0.169023792760239,NA,0.563883427916932,0.193954840333711,0.171777252164575
"singleESN [B]",0.105988726080147,0.212576877084593,0.11872325764098,0.0991899573706258,0.436116572083068,NA,0.101356262543133,0.106342216131633
"multiESN [A]",0.121447111125195,0.953572261527456,0.181235930754173,0.0810781885406703,0.806045159666289,0.898643737456867,NA,0.122640575174955
"multiESN [B]",0.80217136494726,0.935849608597623,0.851902016438879,0.773117794776461,0.828222747835424,0.893657783868367,0.877359424825045,NA
