"","Mean","MIDAS","DFM [A]","DFM [B]","singleESN [A]","singleESN [B]","multiESN [A]","multiESN [B]"
"Mean",NA,0.908128670530189,0.714884975822871,0.598641248390421,0.873844935077985,0.95741167718634,0.979318733591591,0.29712925493672
"MIDAS",0.0918713294698113,NA,0.0811487896904701,0.0442192647101864,0.861221083785372,0.966145717189332,0.653839348482375,0.0691409074420118
"DFM [A]",0.285115024177129,0.91885121030953,NA,0.4445095499699,0.880441564628131,0.958892187278913,0.98224396963212,0.153770352649133
"DFM [B]",0.401358751609579,0.955780735289814,0.5554904500301,NA,0.890201715163999,0.968311028246823,0.998200492513716,0.285401466319043
"singleESN [A]",0.126155064922015,0.138778916214628,0.11955843537187,0.109798284836001,NA,0.741358398875095,0.216618920979402,0.116759463369655
"singleESN [B]",0.0425883228136601,0.0338542828106684,0.0411078127210869,0.0316889717531774,0.258641601124905,NA,0.0541197009471639,0.0390180077067264
"multiESN [A]",0.0206812664084092,0.346160651517625,0.0177560303678797,0.00179950748628414,0.783381079020598,0.945880299052836,NA,0.0132404325380246
"multiESN [B]",0.70287074506328,0.930859092557988,0.846229647350867,0.714598533680957,0.883240536630345,0.960981992293274,0.986759567461975,NA
