"","Mean","MIDAS","DFM [A]","DFM [B]","singleESN [A]","singleESN [B]","multiESN [A]","multiESN [B]"
"Mean",NA,0.93814573371996,0.00360260684539394,0.785863972984036,0.981953388524567,0.988496595015507,0.986469494421636,0.741616512278616
"MIDAS",0.0618542662800397,NA,0.0468853240351397,0.0242842881757009,0.979947036744612,0.999012064685787,0.177591420176929,0.0298509508658757
"DFM [A]",0.996397393154606,0.95311467596486,NA,0.856219301720904,0.984195187201223,0.990097478351544,0.994764821480226,0.868966759212914
"DFM [B]",0.214136027015964,0.975715711824299,0.143780698279096,NA,0.981951335491171,0.994933225891113,0.958643494581893,0.186545794175296
"singleESN [A]",0.0180466114754326,0.0200529632553881,0.0158048127987773,0.0180486645088291,NA,0.118369362917456,0.0194005004568356,0.0161078086409532
"singleESN [B]",0.0115034049844928,0.000987935314212565,0.00990252164845555,0.00506677410888721,0.881630637082544,NA,0.0166104181178898,0.00674978842182426
"multiESN [A]",0.0135305055783642,0.822408579823071,0.00523517851977432,0.0413565054181071,0.980599499543164,0.98338958188211,NA,0.0125037791996932
"multiESN [B]",0.258383487721384,0.970149049134124,0.131033240787086,0.813454205824704,0.983892191359047,0.993250211578176,0.987496220800307,NA
