"","Mean","MIDAS","DFM [A]","DFM [B]","singleESN [A]","singleESN [B]","multiESN [A]","multiESN [B]"
"Mean",NA,0.932948650263869,0.973693035835542,0.97895355045284,0.000226804931066404,0.000315286236605735,0.000276788457497241,0.000293598642756602
"MIDAS",0.0670513497361312,NA,0.760467670109689,0.908016250548846,0.0657606135816805,0.0644225278053292,0.0649485384985892,0.0657923160816197
"DFM [A]",0.0263069641644575,0.239532329890311,NA,0.966041457169241,0.025961916199698,0.0256155197172897,0.0257507055443042,0.0259783395780931
"DFM [B]",0.0210464495471599,0.0919837494511543,0.0339585428307595,NA,0.0208969361940037,0.0207471768819957,0.0208056399895734,0.0209029593528292
"singleESN [A]",0.999773195068934,0.934239386418319,0.974038083800302,0.979103063805996,NA,0.000422588666460874,0.000372471610065928,0.467300594317512
"singleESN [B]",0.999684713763394,0.935577472194671,0.97438448028271,0.979252823118004,0.999577411333539,NA,0.999490474375252,0.999647513512374
"multiESN [A]",0.999723211542503,0.935051461501411,0.974249294455696,0.979194360010427,0.999627528389934,0.000509525624748282,NA,0.999721553323402
"multiESN [B]",0.999706401357243,0.93420768391838,0.974021660421907,0.979097040647171,0.532699405682488,0.000352486487626238,0.000278446676597755,NA
