"","Mean","MIDAS","DFM [A]","DFM [B]","singleESN [A]","singleESN [B]","multiESN [A]","multiESN [B]"
"Mean",NA,0.901345875593647,0.71552938838983,0.251527548278394,0.823211852733823,0.949089428860322,0.828582146145124,0.189964603810928
"MIDAS",0.0986541244063532,NA,0.181262056494079,0.118594526452366,0.766989732434846,0.88894190003968,0.0451363899904192,0.109380063419701
"DFM [A]",0.28447061161017,0.818737943505921,NA,0.317980649016655,0.825618517523188,0.955316383192033,0.737601863477131,0.061552621223761
"DFM [B]",0.748472451721606,0.881405473547634,0.682019350983345,NA,0.832008678521388,0.95731211966724,0.811527248222718,0.614872865067607
"singleESN [A]",0.176788147266177,0.233010267565154,0.174381482476812,0.167991321478612,NA,0.405899993502632,0.235225749240149,0.17158953226621
"singleESN [B]",0.0509105711396775,0.11105809996032,0.0446836168079671,0.0426878803327599,0.594100006497368,NA,0.133723874760629,0.0463042215161
"multiESN [A]",0.171417853854876,0.954863610009581,0.262398136522869,0.188472751777282,0.764774250759851,0.866276125239371,NA,0.168920626188672
"multiESN [B]",0.810035396189072,0.890619936580299,0.938447378776239,0.385127134932393,0.82841046773379,0.9536957784839,0.831079373811328,NA
