"","Mean","MIDAS","DFM [A]","DFM [B]","singleESN [A]","singleESN [B]","multiESN [A]","multiESN [B]"
"Mean",NA,0.928105943968106,0.985135676703688,0.743368605334911,0.999999999810845,0.99999999929851,0.694417429147624,0.438028911238025
"MIDAS",0.0718940560318942,NA,0.0748812423746575,0.0714555489100026,0.998363371207841,0.763351316498092,0.121075676820113,0.0720288156727875
"DFM [A]",0.0148643232963116,0.925118757625343,NA,0.264803511380697,0.999999999869666,0.999999999080731,0.613047163796676,0.0552096506378124
"DFM [B]",0.256631394665089,0.928544451089997,0.735196488619303,NA,0.999999999963108,0.99999999971081,0.641245762733276,0.240529501061841
"singleESN [A]",1.89154574258917e-10,0.00163662879215868,1.3033426237105e-10,3.68916765233081e-11,NA,0.0309722103390351,1.18802930383555e-06,2.28483869774873e-10
"singleESN [B]",7.01490006204004e-10,0.236648683501908,9.19269452809986e-10,2.89190169457174e-10,0.969027789660965,NA,1.1951126561557e-15,5.22934188277519e-10
"multiESN [A]",0.305582570852376,0.878924323179887,0.386952836203324,0.358754237266724,0.999998811970696,0.999999999999999,NA,0.301516863840636
"multiESN [B]",0.561971088761975,0.927971184327212,0.944790349362188,0.75947049893816,0.999999999771516,0.999999999477066,0.698483136159364,NA
