"","Mean","MIDAS","DFM [A]","DFM [B]","singleESN [A]","singleESN [B]","multiESN [A]","multiESN [B]"
"Mean",NA,0.961766195934561,0.658400250386358,0.769744084489995,0.964564121270228,0.982888387786792,0.781284426940891,0.705899565497801
"MIDAS",0.0382338040654389,NA,0.0189539228459771,0.0125908617744133,0.963890389245683,0.991645927005756,0.0366621536893014,0.014627030996339
"DFM [A]",0.341599749613642,0.981046077154023,NA,0.822200032192934,0.968075962474141,0.98922319349639,0.877191901610904,0.677143545006975
"DFM [B]",0.230255915510005,0.987409138225587,0.177799967807066,NA,0.96825765780427,0.994680502073189,0.340567114594311,0.18425961945997
"singleESN [A]",0.035435878729772,0.0361096107543167,0.0319240375258593,0.0317423421957298,NA,0.0890462622954731,0.0362051067602574,0.0320774088439069
"singleESN [B]",0.0171116122132078,0.00835407299424421,0.0107768065036105,0.00531949792681083,0.910953737704527,NA,0.0131423223298588,0.0100836747109746
"multiESN [A]",0.218715573059109,0.963337846310699,0.122808098389096,0.659432885405689,0.963794893239743,0.986857677670141,NA,0.447675764004115
"multiESN [B]",0.294100434502199,0.985372969003661,0.322856454993025,0.81574038054003,0.967922591156093,0.989916325289026,0.552324235995885,NA
