"","Mean","MIDAS","DFM [A]","DFM [B]","singleESN [A]","singleESN [B]","multiESN [A]","multiESN [B]"
"Mean",NA,0.999999998090502,0.729661219715345,0.00137256103276869,0.794401013215602,0.867138629386219,0.495481668445768,0.283217838666971
"MIDAS",1.90949767069119e-09,NA,0.000230517592765318,9.2996655393757e-06,0.75364624024144,0.805023395568007,0.001304967257155,1.28573058992458e-09
"DFM [A]",0.270338780284655,0.999769482407235,NA,0.203228009071704,0.792883267646556,0.865095187528629,0.450545717432931,0.274416786229062
"DFM [B]",0.998627438967231,0.999990700334461,0.796771990928296,NA,0.796855640098009,0.869558234406249,0.567747238766619,0.633276676900057
"singleESN [A]",0.205598986784398,0.24635375975856,0.207116732353444,0.203144359901991,NA,0.331459990037421,0.219687627924572,0.20558981869382
"singleESN [B]",0.132861370613781,0.194976604431993,0.134904812471371,0.130441765593751,0.668540009962579,NA,0.159235453350892,0.133058439802264
"multiESN [A]",0.504518331554232,0.998695032742845,0.549454282567069,0.432252761233381,0.780312372075428,0.840764546649108,NA,0.494435742273102
"multiESN [B]",0.716782161333029,0.999999998714269,0.725583213770938,0.366723323099943,0.79441018130618,0.866941560197736,0.505564257726898,NA
