"","Mean","MIDAS","DFM [A]","DFM [B]","singleESN [A]","singleESN [B]","multiESN [A]","multiESN [B]"
"Mean",NA,0.916486219467608,0.902432267217314,0.937066186846846,0.959753256192056,0.971613418519944,0.811982648837034,0.703399077864179
"MIDAS",0.0835137805323918,NA,0.132921504750966,0.0573022232751072,0.940205336295096,0.952269826737605,0.119487348027773,0.0854365094796726
"DFM [A]",0.0975677327826857,0.867078495249034,NA,0.253314169795332,0.94675887413561,0.972654125595747,0.0699953391502997,0.0925707109760974
"DFM [B]",0.062933813153154,0.942697776724893,0.746685830204668,NA,0.962451067194709,0.978363852848937,0.238411731757789,0.0723146806299959
"singleESN [A]",0.0402467438079441,0.0597946637049039,0.0532411258643901,0.0375489328052906,NA,0.133408767189132,0.0480429941190023,0.0406876554648975
"singleESN [B]",0.0283865814800558,0.0477301732623953,0.0273458744042525,0.0216361471510629,0.866591232810868,NA,0.0310797039626159,0.0280304389213918
"multiESN [A]",0.188017351162966,0.880512651972227,0.9300046608497,0.761588268242211,0.951957005880998,0.968920296037384,NA,0.17499187668946
"multiESN [B]",0.296600922135821,0.914563490520327,0.907429289023903,0.927685319370004,0.959312344535102,0.971969561078608,0.82500812331054,NA
